open,high,low,close
1.1225501956324826,1.1225855541521546,1.1224961847118913,1.1225333099626418
1.1225439316585246,1.1225879510194057,1.1224924379762233,1.122544887597232
1.122546750363771,1.1225823643446626,1.1224961741417232,1.1225430809648207
1.1225582485262855,1.122596286585945,1.1225088438736168,1.1225467881508524
1.1226636345711138,1.1226543587748448,1.1226350006944854,1.122645144620437
1.1227659929402727,1.1228229991041594,1.1227340353669122,1.1227861605147582
1.1227721513732207,1.122841141501723,1.1227416141310946,1.1228021898126008
1.1226705873525558,1.1227573504007813,1.1225872568384132,1.122691318360717
1.1227152856133686,1.1227416894868496,1.1226949925871312,1.122725493821975
1.1227265688283752,1.1228063480206283,1.1226391767509984,1.122733472562342
1.1226937632982705,1.1227640832925714,1.1226038183054154,1.1226883891199675
1.12283997389663,1.1228900914025228,1.1228019707733374,1.1228642695990283
1.1230131556166985,1.1230462244918191,1.122728988901455,1.1228124247840783
1.1229004996184302,1.1229247119886414,1.1227288734463654,1.1227679579669692
1.1226223505425341,1.1227818228417643,1.1225337181646216,1.1226323937947595
1.1226498432303273,1.1227960376137895,1.1225502727808294,1.1226644416032485
1.1228029339780767,1.122930039883712,1.1227869816905338,1.1228913637490232
1.1229025231829493,1.1229387544493072,1.1227451861090048,1.122789879151368
1.1227484786908872,1.1228766600930375,1.1227288876964534,1.122819971984445
1.1227149095729811,1.1228184232285436,1.1226202715073679,1.1227211513595672
1.1229705573356692,1.1229917851064033,1.1228487658053496,1.1229098842201934
1.122652707756933,1.122763829953972,1.1225547434012897,1.1226612668593012
1.1226780872875994,1.122753152562767,1.1225824526059973,1.1226726028442542
1.1226947804665413,1.1227659660228344,1.122603128619184,1.122689605512511
1.1228447169031965,1.1228960592393868,1.1228036049569545,1.1228668456307092
1.12271177601522,1.1227491441832307,1.1226015926896356,1.1226759067044776
1.1227585030072769,1.122836057836145,1.1226989747039517,1.1227798929835644
1.122655208615194,1.1227888154751093,1.122561562463082,1.1226619226618644
1.1229034175209844,1.1229408859514343,1.1227039638332592,1.1227571778366887
1.1228759799434829,1.1228886420819315,1.1227587705505002,1.1228289524147363
1.1229130760075157,1.122978021699269,1.12278368091244,1.1228587127667606
1.1226271789399602,1.1228082255884946,1.1225165830162096,1.1225884887768185
1.1222646606280369,1.1223925302824709,1.12209198781832,1.1222226502087114
1.1223356261775534,1.1225810274273444,1.1221379137630798,1.122308685894186
1.1222552596543602,1.12243920676309,1.1220195278585763,1.1220992150900435
1.1221119510420068,1.1222279373855066,1.1219998065915082,1.122092397120002
1.1223920845031485,1.122410131100341,1.1222110874459403,1.122297302268182
1.1219768767890603,1.1221682369282997,1.1219168836945832,1.1219684966024832
1.1222581962046705,1.1222508239967368,1.12219580770068,1.122210167905658
1.1225420772294288,1.1227455615618318,1.1223267386306013,1.1225993182562666
1.1224926050496005,1.1226749634658326,1.1223230017716448,1.1225211186953066
1.1220098749734697,1.1221925406876991,1.1219790297140335,1.122041439090822
1.1223958329277133,1.122515847377812,1.1222763379688783,1.1223492036229021
1.122344000204852,1.1224021194141471,1.122197222636361,1.1222771363055024
1.122302720580791,1.1224837910270968,1.1222386620629732,1.1223214672828672
1.1219389985858257,1.1220743107415876,1.121846747283812,1.1218746302712759
1.1219361438984454,1.1220436311474822,1.121846406884982,1.121934268210537
1.121958508898008,1.122085245417496,1.12190956781062,1.1219731708344682
1.1214797884397665,1.121526777744808,1.1212676152539138,1.1213108833062537
1.121531702343144,1.1217048347065646,1.1214388923662,1.1215463759235282
1.1213581618305872,1.1214543981096994,1.1212241400478866,1.1213358161768254
1.1212644127178621,1.1213937050785114,1.1210968255250113,1.121260590612448
1.1214429275896978,1.121529023484233,1.1212849750639673,1.1214177405713175
1.121118627528373,1.1213681152665926,1.121089105117399,1.1212323436215323
1.121192269504172,1.1213626053763293,1.1208500934382877,1.1210530367872726
1.121000328637826,1.1212016203244421,1.1208992084706388,1.1211086547042584
1.121213047729669,1.1212843988280448,1.1209368736504053,1.1210516828252794
1.1211786065155507,1.1212545992609055,1.1209096546423178,1.1210902972289867
1.121041528881561,1.1211800475237899,1.1208356588785866,1.1210275870335311
1.121057967779354,1.1213994436891395,1.120944895973439,1.1213333795292881
1.121453428366427,1.1215892064976782,1.1212625249478994,1.1213617967164748
1.121352137220499,1.1215743693457874,1.121222110142715,1.1214028394235889
1.1210371971150457,1.1212791615122761,1.120846740555266,1.121088567161685
1.1213341393787166,1.1214858310066576,1.1212213940349143,1.121370639545463
1.1215717781738523,1.121727147312295,1.121477549074265,1.1216135964894272
1.1215800579896649,1.1216851436721913,1.1214894019450863,1.1215989106763926
1.1215797367995526,1.1216986895044772,1.1214813796094256,1.1216103736011116
1.1215910376885214,1.1216974950154996,1.121496378451362,1.1216101766448534
1.1215719383965919,1.1216813454016306,1.1214759890615351,1.1215950290146754
1.1215727583978734,1.1216908116865176,1.121477876159306,1.1216066472312543
1.1216229647225842,1.1217539755864119,1.121499316562806,1.1216289296412074
1.121666515480246,1.1218847027331427,1.1216235279698785,1.1217552973614984
1.1215692655883207,1.121743718177627,1.121464045750645,1.121610248026446
1.1221060368463338,1.1223129636283813,1.121998937283875,1.1221765594851953
1.121997006994313,1.1221825950508104,1.1219013194939977,1.122095716843946
1.1220478027143825,1.1222040980727888,1.1219378755993554,1.1221136193740084
1.1220145222803721,1.1221803083841437,1.1219073171000769,1.1220675100906994
1.121999832280372,1.1221864556460488,1.1219035925701621,1.122120718979588
1.1220054753588506,1.1221795870221825,1.1219315654334356,1.1220922278801324
1.1220685545077738,1.1222270331368913,1.1219836004799992,1.122166450796818
1.1221806489928803,1.1223841711659381,1.1220684996938468,1.1222849828007453
1.1221385428290254,1.1222884395675496,1.1220013135278588,1.1221686107382183
1.1223437847662128,1.1225333054277953,1.1222195205824095,1.1223813870567778
1.1224103594918922,1.1226714312009451,1.1223617653516489,1.1225357854309799
1.1224285351366239,1.1226861863872808,1.1223757932881568,1.1225443772156767
1.122426347733765,1.122687027888035,1.1223694906278106,1.122508688730616
1.1217244526961707,1.1219178380192236,1.121700271497007,1.1218196553593183
1.1216657058599389,1.1217926368942792,1.121535169492109,1.1216390276857278
1.1215537823498862,1.1216508298680774,1.1215057848405519,1.1216142960659612
1.1214984619771202,1.1215981219865578,1.1213900143653468,1.1214908610727063
1.1216556227541297,1.1218405995239593,1.1216079605354945,1.1217510152890875
1.1224274573142226,1.1226698530503727,1.1223545635282435,1.1224880886272008
1.1223427814424853,1.1225970978426902,1.1222203367122943,1.1223434273534094
1.1218281363796898,1.121942350333001,1.1216962098077807,1.1218381555785628
1.122102676745728,1.1222995254737695,1.1219742496446088,1.1221849184570347
1.1221546644324258,1.1222808488340643,1.1220479268971209,1.1220924040274047
1.122113273865748,1.1222137481947962,1.1219828788033899,1.122083424722734
1.122653534580289,1.1228335634723874,1.1225309356289113,1.1226668076090007
1.1222718619395904,1.122354914387789,1.1220188965887354,1.1221273023936094
1.1222869373251725,1.122449652676773,1.1221054722138049,1.1222764065107966
1.122695485283681,1.1227449918247165,1.122409268950778,1.122559792833974
1.122756844051499,1.1228474816140175,1.1225537878177205,1.1227209412072272
1.1226048837377105,1.122732506563804,1.1224211417410657,1.122542062650782
1.1225576917018065,1.1228007063836194,1.1225060333859367,1.122709600295969
1.12271659935256,1.1227946915636167,1.1226681350847385,1.1227597672764276
1.1227589739983612,1.1228844906192865,1.1227044919658224,1.122793869276534
1.122960136048548,1.1231144725416329,1.1228889562829978,1.1229676225121075
1.1228240560108749,1.122898422192778,1.1228163436866672,1.122969983344
1.1228634222730738,1.1229910035134192,1.1228693128274323,1.1229892148305902
1.1223234199051335,1.1224546249006395,1.12213711710118,1.1222101227651842
1.1224630590637867,1.122642635985703,1.1224107136332728,1.1224967091674707
1.1227191719928595,1.1228051075144676,1.1224274979040332,1.122666050672778
1.1226970880905076,1.1229424762297306,1.122502844752284,1.122827357333626
1.1228971623544108,1.123129901855931,1.1227884755318154,1.1229674547645487
1.1231816133726966,1.12329387818414,1.1230042865640792,1.1230882134876536
1.1230006071082441,1.1231328627878667,1.1228863484317229,1.122956263942097
1.1230664676408324,1.123158893856723,1.1229613515372079,1.1230617606601134
1.1230069999652936,1.1231236123104515,1.1228878626770555,1.1229917011474766
1.123184221515087,1.123244043251234,1.123047908228192,1.1231033347733106
1.123209014495028,1.1232726578259618,1.1230375254444924,1.1231243354484108
1.1230664918872857,1.1231804189796875,1.122933986987889,1.1230678877804003
1.123057574725893,1.1231710039849088,1.122930580614746,1.1230513195568403
1.1232110375236828,1.1232515149368831,1.1229969022030746,1.1230889710972762
1.1229732715883067,1.1230308539220424,1.1227930222790063,1.1228408354368504
1.1229107037824497,1.1229508237499617,1.1228124688130496,1.1228924585670859
1.122981716820969,1.1230714089866423,1.1228529418189714,1.1229450215640728
1.1229265232522132,1.1230282964469835,1.1228125223126535,1.1229224063647951
1.1229033170496625,1.1229672342892716,1.1227868604251259,1.1228727301034092
1.1228947046371083,1.1229924834136555,1.1228018402623978,1.1229121788067167
1.1229172217186651,1.122989997613398,1.1227913761413355,1.1228841184187623
1.122972591861914,1.123004027775588,1.1228196234111005,1.1228967052133123
1.1230192783332644,1.1231542837806148,1.1228869469532763,1.1230123166184347
1.1229380637564546,1.1230058112298669,1.1227591881246188,1.122850051588312
1.1228103564114906,1.1230617756953725,1.1227782454284276,1.122950845909322
1.123016651029771,1.123205725460425,1.122920610970114,1.122947720345621
1.1230627107532873,1.1231669478833628,1.1229042811753127,1.123012901320106
1.1231374925163033,1.1231772174990216,1.1230080660490949,1.1231044430228583
1.123154244379149,1.1231824067696434,1.1230012340197977,1.1230550508280475
1.1229607908843613,1.1231651049953177,1.1228678023435403,1.1230209746380255
1.1229937765514804,1.1230593186799618,1.1228585746552742,1.1229477875191596
1.1230109194860107,1.123172843140653,1.122905359798662,1.1230504986799208
1.1231037812541012,1.1232029070426883,1.122945838847154,1.1230607574570097
1.1230526014295825,1.123159833609898,1.1229069411529,1.1230439696393637
1.1229240522014734,1.1230888075295709,1.1228286904152425,1.1229725297252784
1.122783784514632,1.122837636710483,1.1225365026167369,1.1226797317819992
1.1226760558604656,1.1227345616230122,1.122427331557488,1.1225773857502868
1.1228764711294186,1.1229684952060552,1.1228063978615677,1.1228723456349359
1.1227104059500748,1.1228058647774177,1.1226628543745645,1.1227335995803704
1.122777053566486,1.1228932230624136,1.1226925262017122,1.1227590604354167
1.1227323593579328,1.1228686787607054,1.1226541768190783,1.122731885629718
1.1227107809185533,1.1228383001256268,1.1226300512942844,1.1227180097183203
1.1227589225219623,1.1228862236174015,1.1227388244513483,1.1228242080484632
1.1222790419526647,1.1224387169997967,1.1221813463037265,1.122263289228962
1.1224596062510046,1.1227394826898953,1.122416871581744,1.122560740352842
1.122689902665725,1.1227157450772955,1.1226473266613775,1.1227009663908054
1.1227832397316717,1.1228646160914528,1.1225069124868572,1.1227578775189564
1.1227910463039668,1.122902604354476,1.1227064939647349,1.1227943886335223
1.1226292653460976,1.1227416918810833,1.1225552454502112,1.1226479904158453
1.1227950279983674,1.1229434396221567,1.1226850581295043,1.1227975429737276
1.1226530886761255,1.1227701847677152,1.1225752634560726,1.1226755512339717
1.1229646260304906,1.1229924101330315,1.1227766962658785,1.122809457418572
1.12258760020577,1.1227826032893624,1.1225240687388336,1.122637312172679
1.1226806674194556,1.122747886077523,1.1226112205696803,1.1226761928507318
1.1226914425174104,1.12276016765753,1.1226087522901922,1.1226889093414731
1.1225899627070157,1.1226609624590187,1.1225125232497162,1.1225844385457022
1.1225170025973246,1.1225598598608277,1.1224415983213532,1.1224662284499434
1.1224383550576194,1.1224752319021447,1.1223810702539876,1.1224333499272792
1.1225424556729002,1.1225814469684066,1.1224894118543927,1.1225413915699476
1.1225686195249251,1.1226375375486009,1.1225060058373244,1.1225685725724253
1.1226392726283982,1.1227148246596002,1.1225573774469784,1.1226408445104397
1.122405659592996,1.1225530954819514,1.122317213309697,1.1224046472175153
1.1223666857896402,1.1225356809152813,1.1222962207786,1.1223777973682478
1.1222352771624715,1.1222829776425594,1.1221182272803887,1.1222209819354567
1.1222631513655519,1.1223447899208785,1.1221981156137153,1.1222687975886876
1.122352972934832,1.1224232880111575,1.1223073508281733,1.122375720561104
1.1222025691632347,1.12227063797073,1.1221012059105941,1.1221938600206374
1.1221097582377875,1.1222268685888723,1.1219458014914454,1.1220662537236892
1.1221593957023033,1.122238988076475,1.1220752757836159,1.1221605197807
1.1223689699889012,1.1224234975499043,1.1222966580617708,1.12232823075707
1.1223642297365084,1.122422270027554,1.1222803438610083,1.1223316731212374
1.1223259136811552,1.1224195213810808,1.122268835315678,1.1223476007230038
1.1222052290490472,1.1222892403820124,1.122104199849894,1.1222356115756351
1.122209733797522,1.1222950077971996,1.1221085634147918,1.1222346611578284
1.12229015421083,1.1223570327312233,1.122241941247517,1.1222659645736603
1.1223825043525948,1.122441796705765,1.1223220815695103,1.1223815179676537
1.1221307063442245,1.1222671346006372,1.1220296438768997,1.122111778097301
1.122194287871426,1.1222924063041908,1.1220461747691268,1.1221453488777144
1.1221847127803233,1.1222598998529316,1.1220988500805262,1.1221841336827199
1.1222051796523396,1.122322290879358,1.1220829749992953,1.1222009108085553
1.122214888578836,1.1223159577695438,1.1220813396774303,1.1221872151724523
1.1222418682910593,1.1223184551534593,1.1221118527907037,1.1222351019994488
1.1224600004056322,1.1225209755598937,1.1223747831718458,1.1224543079005567
1.1223457916556774,1.1225076454762202,1.1222057443914686,1.1223677537202115
1.1222139294543063,1.1222834868879925,1.1221199805603477,1.1221932155842458
1.122206620963718,1.1222699940867011,1.1220719764029694,1.1221626709048962
1.1222007497869317,1.122228522599516,1.122088713577274,1.1221663885735629
1.122199647133201,1.1222967170370577,1.122066282952087,1.1221896297486016
1.1221268569116472,1.1222131096039873,1.122031855835982,1.1221183577618363
1.1222302611501431,1.1222947816400575,1.1220901766011424,1.122195916270975
1.1221505288088336,1.1222323478785368,1.1220835748373057,1.1221570853986307
1.1222400000607466,1.122285233102012,1.1221274154958838,1.1222082880021436
1.1224093273522764,1.1224252588669676,1.1222946158477358,1.122396883092038
1.1225470211075637,1.1226381717941751,1.1225507710851224,1.1226144369136393
1.1225895512668689,1.1226976794415247,1.1225301086171868,1.1226497077393882
1.1225647202393594,1.1227198519418993,1.12252230859629,1.1226334741213697
1.1225248166222066,1.1226494334961432,1.1224412448719499,1.1225679344153257
1.1228456607652533,1.1230116441418132,1.1228611241337674,1.1229867998275147
1.1225629176220702,1.1226486007326442,1.1225733412936136,1.1225508611163848
1.1226759868050797,1.1228588566674338,1.1226068961970024,1.1227301908802518
1.1226762719873773,1.1227748905096302,1.1226240901768338,1.1227147449633765
1.1231188599450863,1.123303849510469,1.122926804008606,1.1231392611730786
1.1230106357917817,1.1230837448032547,1.1228763417583068,1.122951029025154
1.1232008440155126,1.1232526017479303,1.1230710863719173,1.1231413108859547
1.1231150174027782,1.1232539743745629,1.122974707719146,1.1230758641320444
1.1231904674572695,1.1233137785001241,1.1230945713251783,1.1231622655624867
1.1231299392028526,1.123183023586989,1.1229651662235156,1.1230974861880156
1.122929085775065,1.1231030419775778,1.1228679541680084,1.122952962924686
1.1227426425742528,1.1228870965951567,1.122645786445888,1.1227461279700164
1.1227820104203046,1.1229163458670737,1.1227032361181706,1.1227660643210131
1.1229965762497922,1.1231462204396936,1.1228768105629956,1.1230410246670788
1.1227660621819426,1.122891394033463,1.1226705721253332,1.1227906027530776
1.1228192907651222,1.1229539141895377,1.1227454132589958,1.1228977747048012
1.122969143036222,1.1229951514063723,1.1227923745044945,1.1228450887897492
1.1230452267942022,1.1231389652122008,1.1228732008494458,1.1229384616567024
1.1229640570548578,1.1230903731021562,1.1228344631273035,1.122953079835473
1.1230208052269057,1.1231334914546847,1.122961192736684,1.1230436314701016
1.1233040368596545,1.1233881186094217,1.1232602443929116,1.1233403910363564
1.1233970098612882,1.1234214328942915,1.1232439965798593,1.123328310564781
1.1232895917370451,1.1233412743008817,1.1232145294637779,1.1232789621341992
1.123078637480679,1.123262032132689,1.1230461043023328,1.1231151170112428
1.123477816491716,1.1234955623970768,1.1233156098128843,1.123423025743944
1.1233916888913678,1.1234443265640233,1.1231367413868203,1.1232415198709524
1.1234866785360944,1.1235685833027744,1.1233577762488849,1.1235324357147418
1.1234196569160497,1.123488635350366,1.1233511422579594,1.1234718837188902
1.1233134870342871,1.1233936191633707,1.1232332454207734,1.1233497396429961
1.1232030479619688,1.1232366602308403,1.1230552438025805,1.1231011329185017
1.1232561251435396,1.123324222655085,1.1231378110291148,1.1231688349301518
1.1231857660595155,1.1232032477462572,1.123044869236572,1.12310345661346
1.123329077393469,1.1233901545945773,1.123223081569528,1.123293412056952
1.1232479820630272,1.1232350076261874,1.1230874839908092,1.1231128102930699
1.1232710532470083,1.1233380621035982,1.1231686501028115,1.1232507574508135
1.123286085304551,1.1233912310438077,1.123209843864876,1.1232905325070899
1.123136049108806,1.1231769098659143,1.122996869669843,1.123049076531391
1.123113900036033,1.1231583995715844,1.1230155040111054,1.1230759250180213
1.1231181166958524,1.1231505862721665,1.1230017040126863,1.1230635464544452
1.1231582353327019,1.1232064723019202,1.1230490997685907,1.123095188317435
1.1231397048322724,1.1231776986735738,1.123002381444383,1.123040407032031
1.123139445942569,1.123182868332193,1.1230000761137695,1.123063507770077
1.1230852896516488,1.1231226012732365,1.1229802134166271,1.1230581321514665
1.1231721341305174,1.123194788508831,1.1230196959592034,1.1230912476413284
1.123124509383862,1.1231452394113637,1.122987864578559,1.123064352191535
1.123203184080281,1.1232693534614762,1.1231385214901457,1.1232251178447528
1.1231142365759377,1.1231475495898822,1.1229941578749618,1.1230423409757098
1.1230991453039303,1.123139449034327,1.122986278846211,1.1230509121063725
1.1231710065600018,1.123204209257343,1.123005210149446,1.1230740666438628
1.1232227458156565,1.1232725571447473,1.1231377945690022,1.1232048451077097
1.1231441322813518,1.1232195836020364,1.1230173124468257,1.123094029943222
1.1228022090896488,1.1230106502859512,1.1227806805712273,1.1229054201531306
1.122942763127356,1.1231353267613593,1.1229392466978287,1.1230179435787822
1.1229665271546745,1.1230262171437346,1.1229276608794063,1.1229654041088513
1.1229315014542136,1.1230130530374784,1.1228363515638202,1.122914317577331
1.1229213622408614,1.1229897499430503,1.1228400165252839,1.1229010221753508
1.1229163636893726,1.1229750971913917,1.1227973612524156,1.1228828490403548
1.1228938269870379,1.1229306518371474,1.1227917312630837,1.1228277489772502
1.1229022263050878,1.1229253261051828,1.1227340985178496,1.1227880015469303
1.1226623476424333,1.1228031174426303,1.1225812973900735,1.1226904988092075
1.1226338207433102,1.1227863111378544,1.122563084341099,1.122642726867371
1.122617551679706,1.122719103184178,1.1225490376513434,1.1226363212773938
1.1226814932501485,1.122755450062552,1.122613609577249,1.1226802850247872
1.1227226558523988,1.122816451836469,1.122625359506273,1.122715752172021
1.1227058186878203,1.1227550316685222,1.122596253946785,1.1226725127046027
1.1226825208542117,1.1227315965024274,1.1225839012822416,1.1226624960346656
1.1226547457509828,1.1227217513344316,1.1225614585865222,1.122645927264618
1.1226798577303652,1.1227411090906703,1.1226035948462028,1.1226755936017054
1.1226027425761624,1.122716687377825,1.122514228282456,1.1226266490873793
1.1226851279613872,1.1227578226218196,1.1226075305862595,1.1227030698029308
1.1225777095880924,1.1226443707851808,1.1224932736656599,1.1225649324403466
1.122538050786772,1.122576868210396,1.1224812130385435,1.1225261653858454
1.122539939265784,1.1226030645151805,1.122451226702232,1.1225501274196579
1.1226261369831962,1.122723180923259,1.1225224251544237,1.122642053275812
1.1225035709018056,1.12261067439735,1.1224214966284987,1.1225461516314559
1.1225619591779947,1.122618324846742,1.1225055298268647,1.1225659618204045
1.1223055454009394,1.1223857553613106,1.1222543967368954,1.1223001653042937
1.1222654499604718,1.1223190489695583,1.1221794708067736,1.1222697596550217
1.1221756645982963,1.1222571941539525,1.122068417491339,1.1221648480695507
1.1220794601091815,1.1221468614250254,1.121999545396361,1.1220758578050414
1.1221518543915154,1.1222247003711774,1.122079853717554,1.122162590737736
1.122264900221165,1.122328369590118,1.1221565861680682,1.1222352095038346
1.1222574942647738,1.122308311202259,1.1222031171030826,1.1222576213203042
1.1222501280862716,1.122304744057838,1.1221788269093698,1.1222327509102228
1.1222502715404357,1.122342585139465,1.1221273088194834,1.1222386291449145
1.1222574942647738,1.1223053178188005,1.1222029141690808,1.1222562265163916
1.122257873321324,1.122308311202259,1.1222009876625838,1.122254972943967
1.1222546651295542,1.1223317876878671,1.12214003106841,1.1222440795167543
1.1222636946459814,1.122304321813046,1.1221969798185423,1.1222420445736268
1.1221645047078168,1.122216877470705,1.1220646846593632,1.1221560505832104
1.1221859144555804,1.1222194453788372,1.1221125609000018,1.122177634358352
1.1220899229717498,1.1221277892294084,1.1219898760327272,1.12205936133808
1.1220617205511039,1.1221385633671306,1.1219921611471484,1.1220643204149114
1.1220584539113245,1.122139709490802,1.1219821139504633,1.1220584665219244
1.1221327872254439,1.122251737671506,1.1219780935765158,1.122082602904144
1.1220628986973917,1.1221752896326438,1.1219649549089423,1.122047620997291
1.1221815903449446,1.122264960370564,1.1220705609694561,1.1221792205171752
1.1221516491459362,1.1222543499233206,1.122029074008757,1.1221329794512054
1.1221662035573023,1.12220422357001,1.1221118067586768,1.1221753082777746
1.1221664660420003,1.1221992297758763,1.1221117408897094,1.122174638994524
1.1222142191228628,1.122276147783851,1.1220958513611357,1.122208384428951
1.122258494559375,1.1223047801892323,1.1221981376390748,1.1222546026766764
1.1223291859273317,1.122382400374714,1.122278047390435,1.1223051601708178
1.1222273806217522,1.1222962451378957,1.1221306575245056,1.1222067575867805
1.122263040853757,1.122339524541307,1.1221695451131135,1.1222515349430366
1.1222907489522622,1.1223585361168613,1.1222147810155194,1.1222981374988343
1.1220884468112653,1.1221558462181844,1.1219906613971522,1.1220760607461704
1.1221796262334562,1.1222583593358584,1.122068784839639,1.1221695704168257
1.122135458899822,1.122181852906645,1.1220552538741688,1.122134794802655
1.122088934713949,1.1221353331681438,1.121986212868329,1.1220650098732359
1.1221434227941567,1.1222307524536266,1.122074540077493,1.1221494307770317
1.1217945149030566,1.121874475339161,1.121699365053628,1.1218005377846252
1.1216893129967866,1.121769708237688,1.1216399154527554,1.1217107166254552
1.1220204817401789,1.122094662755666,1.12195684264451,1.1220317441010716
1.1220307742074584,1.122093746001065,1.1219598287767771,1.1220379707160963
1.1220308146656,1.1220806234291711,1.1219565803734808,1.1220248040290872
1.122053282963045,1.122112328216251,1.121989269324755,1.1220485307457833
1.1220300594895578,1.1220923625384651,1.1219624745506904,1.1220321930826556
1.1220357871525424,1.1221096642265689,1.12199310930629,1.122041118923002
1.1220892535143903,1.1221493932020963,1.1220193545745545,1.1220919022316902
1.1220385083328708,1.1221360593477159,1.1219696630324791,1.122058872686335
1.122020599733665,1.1220840458087453,1.121952158497663,1.1220272939076235
1.1220162126926496,1.1220907557526845,1.1219519390343755,1.1220244787960993
1.1217448759906898,1.1218501276783024,1.1216693519240175,1.1217695242401098
1.1215040046995397,1.1215978164578395,1.1214265677488824,1.121515169505458
1.1214934487022805,1.1215940605122283,1.1214192530509517,1.1215127393292996
1.1215756063946432,1.1216806409435558,1.1215191642366298,1.1216056207198728
1.1214955663762731,1.1215903974963084,1.1214192530509517,1.1215154593292997
1.1215268747771352,1.1215979952953443,1.121439195605551,1.1215432581236728
1.1215054200337076,1.121586138851937,1.1214085033767516,1.1215150633407314
1.1215171291369392,1.121583905278903,1.1214266289285668,1.1215111534621975
1.1219029441080537,1.1220125077750618,1.1218676582074327,1.1219684111079529
1.1217828861037829,1.1218597593807684,1.121675400872356,1.1217658787461564
1.1215058954265344,1.1215842815585875,1.1214399856254949,1.1215190035028544
1.1214729077447998,1.121547008403101,1.1213980693889478,1.1214619025285373
1.1215727755014462,1.1216756323324917,1.1215203456916834,1.121607101802708
1.1215427574774068,1.121638733211167,1.121486567298801,1.1215587423771176
1.1215137993577236,1.1215885510785413,1.1214079787711773,1.12144945533754
1.1215232489368463,1.1215736608676383,1.121384247108246,1.1214997925819892
1.1214928699735938,1.1216783970191218,1.1214140826525103,1.1215584034233492
1.1215741267570807,1.1217056137998598,1.1214781181609503,1.1215988121372715
1.1215658285527117,1.1216908116865176,1.121472369117975,1.1216086298351629
1.121582895783004,1.1217009355815748,1.121483142456648,1.1216118053112563
1.1215701164161975,1.121688140917287,1.121483640049904,1.121614507132546
1.1215759866300603,1.1216888560796245,1.1214879713623562,1.1216134832262579
1.1215684479259225,1.1216826557071482,1.1214724980341229,1.1215942059989414
1.1215801424721858,1.1216725864225294,1.1214838729901626,1.1216047850912418
1.1215257302219719,1.121548104649804,1.121388983051005,1.1215062533696334
1.121575872369482,1.1216738612388,1.1214829546658591,1.1215924967317201
1.12158978853504,1.1217094767972966,1.1215062807348282,1.1216228203162497
1.12157597277424,1.1216915268488552,1.1214770914832835,1.121602903782185
1.121574158653791,1.121690861155382,1.1214855889171478,1.121616442053181
1.1215741428975399,1.1216915268488552,1.1214781988617717,1.121609834293627
1.1215759298837247,1.1216908116865176,1.1214790338916814,1.121615119837568
1.1215780966898103,1.1216935206938703,1.1214770983785294,1.1216082953794022
1.1215795910558448,1.1216983336966992,1.1214884628495772,1.121616227491414
1.121595674322764,1.1216914646261344,1.1215312800014183,1.1216288580443536
1.1215444543057385,1.121642285966978,1.1214624724714832,1.1215516443524123
1.1215765143217806,1.1216935319246126,1.1214790472457732,1.1216102303000373
1.121575878412188,1.1216889102579461,1.121480734548723,1.12161118077716
1.1215745066661564,1.1216908116865176,1.1214778937561822,1.121614868722248
1.1215905680217688,1.1216982648123441,1.12149225227917,1.1216214112417353
1.1215868722908164,1.1217016966613536,1.1214873344271972,1.121600494988642
1.1215841928407362,1.1216850543696677,1.1214880696537899,1.1216084562859852
1.1215955641055906,1.1216995268507324,1.121504234839621,1.1216073140447063
1.1215863151576253,1.121699025892123,1.1214938760985718,1.1216067067417859
1.1215744638036553,1.121691914348855,1.1214781338361306,1.1216105437487447
1.1215844122851806,1.1216917203220487,1.1214900912146364,1.121614625386514
1.121599161469852,1.1217175583991104,1.1215279585153672,1.1216458651102947
1.1216011566791833,1.121708220451972,1.1215233243400535,1.1216443364902087
1.1215067521849034,1.1215990242359668,1.121452225629622,1.1215664327291108
1.121942520377338,1.122045147937804,1.1218788415403635,1.1219946434334542
1.1220378786447656,1.1221041979019253,1.1219672897424602,1.1220425692810527
1.1220278509639523,1.122092393092381,1.1219671230702808,1.1220383610230529
1.1220387533312894,1.1220958293834469,1.1219848120733666,1.122038949901103
1.1220639862940176,1.1221805944288277,1.1219682350712612,1.1220404280736913
1.1220414252574942,1.122118526457862,1.1219737887719348,1.122062300838631
1.122047954763504,1.1220949900903263,1.121997076162775,1.1220486022491754
1.1220280142549464,1.1220871575938778,1.1219384993465664,1.122024082869201
1.122033852191066,1.1221009436398328,1.1219529470471605,1.122036380119429
1.1218351592543523,1.122005492858093,1.1218619187243655,1.121990488957798
1.122006331227955,1.1221034371128287,1.1219331306763134,1.1219975559763478
1.1217741369357492,1.1218476943398354,1.1216258484829873,1.121731608872714
1.121535552285331,1.1216158809169348,1.121460382972623,1.1215531873483569
1.1215581129368142,1.1216411902365315,1.1214852804330555,1.1215555283310068
1.121617555955274,1.1217237443040728,1.121524604758141,1.1216275859254654
1.1218392516789883,1.1219775410345065,1.1218066977756798,1.1219074298060532
1.1218727174270005,1.1219399297312171,1.121802765460432,1.121882137648232
1.1219490433848796,1.122030938081333,1.1218965251357602,1.1219904440838016
1.1219713920783208,1.1220555450451257,1.1219074080358682,1.1220049398308543
1.1220265953873907,1.1220916847566536,1.121960609058884,1.12203345641031
1.122126073815095,1.122229234622549,1.1220394913586333,1.1221323952875077
1.122158641460887,1.122227108322259,1.122080218071632,1.1221605294058552
1.122110019887496,1.1221765908507173,1.1220071900376993,1.1220951487116888
1.1220662984732002,1.1221461290241772,1.1219228333081344,1.1219895282783892
1.1219843901823758,1.1220919603547392,1.12187654351247,1.121950755882491
1.1221164106940615,1.122190049423945,1.1220145397666017,1.1221018353041714
1.1220837670251085,1.1221353421349096,1.121950202899541,1.1220509932749518
1.12212730826673,1.1221785202832741,1.1220100801581474,1.122110782935186
1.1221490647828816,1.122229232824324,1.1220723769277243,1.122169281238183
1.1220499193476432,1.1221458383100333,1.1219955230767293,1.12208189054801
1.1221209353671184,1.1222168098565353,1.1220437020661094,1.1221268032717233
1.1221239684402304,1.1221942398334992,1.122031675429324,1.122121272157613
1.1221554885280982,1.122171572561777,1.1220915872036916,1.122160152063994
1.122122774704764,1.1221848258791736,1.1220281789911952,1.1221251128465821
1.1220107205999053,1.1220910592201678,1.1218900222329105,1.1219656836171699
1.1221284705887902,1.1222296675763932,1.1219563840662485,1.122070258683859
1.1220578187287726,1.1221471344693108,1.1219270200359113,1.1220155671877419
1.1220931394678417,1.1221567018969087,1.1219961656690072,1.1220809616228646
1.1219553212380458,1.122088806299362,1.1218497799079805,1.1219513114541626
1.1219831890058867,1.1221290726246824,1.1219046947072273,1.1220014746807063
1.1220741473384865,1.1221572013111452,1.1220087606536784,1.1220849253491467
1.1220092097355296,1.122114884077561,1.1219098549478714,1.121990850414873
1.122070881822346,1.1221610584838375,1.1219461769043269,1.1220349617478833
1.1220064193829788,1.1220788741724603,1.1217719753434692,1.1218097871292934
1.121595111036681,1.121826562368281,1.1212992136913842,1.1214323267437842
1.1212387642092763,1.1214637261832099,1.1211920929311414,1.1213643688272223
1.1213142429706673,1.121460931342522,1.1211984401363302,1.1213913745434363
1.1214839918022337,1.1215935295619657,1.1214109821684088,1.1214839955921272
1.1215777232979263,1.121663525061877,1.1214831015399256,1.1215905366146723
1.121432831383292,1.1214906031187468,1.1213262663731323,1.1214107348572957
1.1214349563614305,1.1215031837824023,1.1213340686255053,1.1214470560826422
1.1211835757301951,1.121410676810397,1.1210899625557036,1.1212944164490894
1.1216296759550182,1.1217414676298214,1.1215539477071836,1.1216512223938102
1.1219028031848755,1.122016144541152,1.1218244645533195,1.1219687130115998
1.1220458348213707,1.122112613884527,1.1219746577871161,1.1220427970642888
1.1216962945440228,1.1217540877195498,1.121573761860336,1.1216441510762978
1.1215875600499645,1.121691469296688,1.1214917134159659,1.1216070441218313
1.1215918221874042,1.1217284182730105,1.1214955507985829,1.1216213737929948
1.1215805943619583,1.1217055300713707,1.1214812988061116,1.1216099895048448
1.121576942750985,1.1217001099594548,1.1214844895253469,1.1216195909587072
1.121599463560041,1.121707729083405,1.1214959673098652,1.1216189067391225
1.1213436962807484,1.121525633334874,1.1213096941478404,1.1214713628682789
1.1214407832492912,1.121509054688707,1.121282576960542,1.1214282615317797
1.1214902341133155,1.1215939699004933,1.1213369375669169,1.1214365779194742
1.1216235004135555,1.1218291731674213,1.1215736258283322,1.1217447367642077
1.121588891993447,1.1217053819350111,1.1214844895253469,1.1216267542481366
1.1215880236544349,1.121706584389429,1.1214845406478624,1.1216178836155757
1.1215897670618422,1.121713486400255,1.1214849233410018,1.1216170976843916
1.1215969404895927,1.121730319701582,1.1215064807920447,1.1216321093556623
1.1216547906798018,1.1217890431655284,1.1215543638997356,1.1216667426455982
1.1216676319283148,1.1217855452276126,1.1215484280106274,1.1216657923704663
1.121686810230179,1.1218886075579082,1.121624709441898,1.1218114551140936
1.121973324844037,1.1220569395105044,1.1219027094640557,1.12196460844362
1.1220044716686537,1.1220793704418393,1.1219284136238459,1.122003445996614
1.1219914535604705,1.1220716505594555,1.1218995536806546,1.1219640669722903
1.1215965169807394,1.1217854558430063,1.1214660519067368,1.1215995974986177
1.1214330503116408,1.1215605379170417,1.1213584463787043,1.1214594635361423
1.1216624778853896,1.121799342089087,1.1215699616251988,1.1216748220051032
1.1214365755601103,1.121548142003508,1.1213593041896575,1.1214540973781388
1.1217050799376787,1.1219045927181468,1.1216287778827252,1.1217867605175094
1.1215241065469899,1.121614510976081,1.1213246084684045,1.1214157560512892
1.1218311138213377,1.1219734775211432,1.121751281879631,1.121824764991518
1.12204896780274,1.1221511932145494,1.1219661281715936,1.1220334512976309
1.12204647210776,1.1221642871296784,1.1220044539309053,1.1220719092728713
1.1220270768493936,1.1221166867758263,1.1219529663757066,1.1219958491274227
1.1220110387850875,1.1221183142823996,1.1219485860818494,1.1220122238485364
1.1216741191865511,1.1218262195779534,1.1216081949521717,1.121755918643087
1.1216702855556384,1.121877282495351,1.1215512614292102,1.1217717362989605
1.122066476350786,1.1221776054046726,1.1219810701886668,1.1220928416241243
1.1221049149427154,1.1222016650388824,1.121982889362928,1.1220685050590191
1.1220283505445898,1.1221623078553573,1.1219388798688479,1.1220414278206952
1.1220213028917212,1.1221241287921566,1.1219527565491203,1.1220131970818734
1.122089621242558,1.1221714795921454,1.121984340229947,1.1220666470783738
1.12217832993053,1.1222724278538065,1.1220959018764212,1.122165514118109
1.12218140069677,1.122255902531753,1.1221033885884042,1.1221722336110598
1.1220693616506614,1.1221656289316342,1.1219882241239354,1.1220430752196837
1.1220927298674916,1.1221949414191774,1.1219932704480444,1.1220763105157354
1.1220621118985847,1.1221528206504319,1.1219578145372167,1.1220392867547961
1.1221301115882352,1.1222393158286987,1.1219804684579007,1.1220868439554226
1.1220077215936077,1.122104567499319,1.1219172534934236,1.1219799037234444
1.1220665567237131,1.1221352472085875,1.1219873170393724,1.1220533702011806
1.1217195362154444,1.1217984003278327,1.1216805108118768,1.12172370739122
1.1219456164343795,1.122000263106576,1.1218273713600089,1.1218818119952583
1.1218552915855955,1.121902635086564,1.121720821470861,1.1217726810755773
1.121479385592738,1.1215872426117426,1.1213745694840447,1.1214341919177162
1.1215681891931106,1.1216999186220595,1.1215131751089475,1.121627429995346
1.1216668159744971,1.121826455363443,1.1216149766863575,1.1218027452139019
1.122134543263599,1.1222554364674477,1.1220536475819824,1.1221391080591403
1.122027153287623,1.1221492460579048,1.1219481047833215,1.1220146795094232
1.1220965548083495,1.1221789303566703,1.1220058595501319,1.122099344950904
1.1221554548546473,1.1222579200028169,1.1220700577109337,1.122139115702217
1.1219980916659569,1.1220996033950863,1.1218933612845978,1.121968792907518
1.121978639159325,1.1220919603547392,1.12187654351247,1.121950755882491
1.1221396715916627,1.1222229835581397,1.122053800522054,1.1221473901718086
1.1221845537873771,1.1222901342196578,1.1220783690711316,1.1221515253686418
1.1220424304842325,1.1221295258653823,1.1219530880218178,1.1220339994299258
1.1221996255006927,1.1222709837705849,1.1221206198749878,1.1221895356039207
1.1220872474786392,1.1221840288121796,1.1219905360185904,1.1220741625922457
1.1221693980798757,1.1222420693934152,1.1220881915402792,1.1221643736786384
1.1221819978061647,1.1222610195928056,1.1221031742882588,1.1221717445092172
1.122126249796232,1.122226773327921,1.12206539794555,1.1221357707601916
1.1221511960010493,1.122233051150505,1.1220859885024348,1.1221565906426783
1.1220616092590572,1.1221357816430804,1.121978812642789,1.122070468490164
1.1219151968679668,1.1219870677856099,1.1218248563886073,1.1219011596175523
1.1220588390349995,1.1221570512664583,1.1220295924724006,1.1220846333841343
1.1220294713305285,1.122098925657472,1.12197258389024,1.1220441468561844
1.1221981857524397,1.12228724292097,1.1220925521160807,1.1221698776866558
1.1221951920673396,1.1222665201224304,1.1220993156821706,1.1221771051770577
1.1221564463820006,1.1222402112845664,1.1220978760743667,1.1221718569987273
1.1221516426497078,1.1222370711245433,1.1220875516712647,1.122166351659622
1.1221707307605804,1.122251985364692,1.1220978015655183,1.122173000603029
1.122201875907781,1.1222779462292762,1.122120026923611,1.1221835755229317
1.1220367812860739,1.122137407497462,1.1219405029661056,1.1220129377193475
1.1220216367270093,1.1221134793107348,1.121943637909147,1.1220047855331567
1.1217850490490509,1.1218512985802764,1.1216344485544063,1.1217299276121109
1.1225602014236886,1.1225938998382463,1.1224995434416232,1.1225399740579054
1.122769633861185,1.1228311112563938,1.1227413949486473,1.1227916238001554
1.1225887812065147,1.1226763038189438,1.1225401196247513,1.122606957299921
1.1227785667190993,1.1228323624166914,1.1227458713442697,1.1228011589571723
1.1227362077434777,1.122764198167516,1.1226917234205152,1.1227205713303108
1.122776855465938,1.1228202315396572,1.122743045187828,1.122795847881435
1.1227784885044918,1.1228346189384306,1.1227464756114653,1.1228011589571723
1.1227718706888097,1.12283235744687,1.1227428089962663,1.1227907723487038
1.1227823860863935,1.1228351465716258,1.1227482291399729,1.1228076065421448
1.1227894075677665,1.1228410768619015,1.1227501323549847,1.1228122217028493
1.1227773139900827,1.1228286669310907,1.1227456221545626,1.122793610017016
1.1227803633178224,1.1228398227227503,1.1227474174653709,1.1228077193546362
1.122609907367442,1.1226916071231186,1.1225442352400061,1.1226278769931866
1.1225465740017138,1.1225794781601828,1.1224933729829771,1.1225419028307544
1.1225485710640837,1.1225872653677798,1.1224958616433987,1.1225456259522777
1.1225441521111594,1.1225806155727767,1.1224977194302628,1.1225363944108961
1.1225978885148327,1.122660759632187,1.1225491650820483,1.1226107199989674
1.1225335756941694,1.1225572324462756,1.122472949724985,1.1225067947469156
1.1225421434082732,1.122577760309908,1.1224880163276625,1.1225085159126238
1.1226268829238137,1.1226916071231186,1.1225710401674358,1.1226521140332488
1.1226272262054013,1.1226920951615655,1.1225736939337123,1.1226501617347768
1.1224741221320984,1.1225157028022075,1.1224466013423127,1.1224817659438053
1.1225875349679364,1.1226840823124606,1.1225297849281288,1.122622836768801
1.1226863779157867,1.1227748002303861,1.122620580683068,1.1227279415752027
1.1226007532450732,1.122672516645304,1.1225572671892303,1.1226142081399824
1.1226052841535912,1.1227008463081207,1.1225463165313059,1.1226521068987918
1.1226758254255724,1.1226758005409565,1.1226392099546427,1.1226553264597605
1.1227375399426784,1.1227605504521365,1.1226986658675253,1.1227427524000946
1.122743401288181,1.1227704744133922,1.1227075582236092,1.122751387198035
1.1226998158181842,1.1226851592124796,1.1226472799932876,1.1226627173222437
1.1227706531560346,1.122824944929672,1.122734900167147,1.1227872316269598
1.1227810421783473,1.1228351465716258,1.1227495292801466,1.1228064221491052
1.1227856224327484,1.1228348408452207,1.1227533267653933,1.1228135517798534
1.1227826403833954,1.1228406507666395,1.12274787625069,1.1228110404934528
1.1227856224327484,1.12283709736696,1.1227533267653933,1.1228135517798534
1.1228169934285024,1.122876115657365,1.1227819039178988,1.122850619503402
1.1227854419636178,1.122837566201011,1.122748967862516,1.1228094646078595
1.1227812642707784,1.122844284856071,1.122761388248326,1.1228169891724846
1.122736462090518,1.1227765396029012,1.1227107381758534,1.1227464003599144
1.1227144215727427,1.1227376958182094,1.1226524446844728,1.1226831077023114
1.122780390918274,1.12284370361276,1.1227476866065438,1.1228046054713556
1.1226931495765125,1.1227429594347405,1.1226339374941554,1.1226910337565101
1.1228248938548961,1.122885665846967,1.122793837532344,1.1228584124846612
1.1228428194938587,1.1228962127747404,1.122811082416441,1.1228749639326063
1.1228428194938587,1.1228962127747404,1.122811082416441,1.1228749639326063
1.1230275862546024,1.1230132565013164,1.122907462657318,1.1229394501815213
1.1229473175671207,1.1229849626994217,1.1228925341283758,1.1229259380369723
1.1229637131148664,1.1229959339637368,1.1229168890155132,1.1229512228247704
1.1229614743914047,1.122998486796117,1.1229198954838633,1.122953499584888
1.1229639810925371,1.1230000373224327,1.1229179184677198,1.1229526642514172
1.1229655835197285,1.1230000373224327,1.1229213489400505,1.1229549398157281
1.1229650631466306,1.1230000373224327,1.1229232369134268,1.1229553562471097
1.1229650631466306,1.1230000373224327,1.1229255096414528,1.1229571448886373
1.1229655835197285,1.1230000373224327,1.1229299828697747,1.122958008008295
1.1229655835197285,1.1230000373224327,1.1229267077579774,1.1229573875423455
1.1229655835197285,1.1230000373224327,1.1229301382303083,1.1229573875423455
1.122966358033993,1.123001633726632,1.1229306176557377,1.1229630793066478
1.1229668784070908,1.123001633726632,1.1229353922996084,1.1229630793066478
1.122966358033993,1.1230031913676577,1.1229306176557377,1.1229630793066478
1.122968032636398,1.1230031913676577,1.122940489355458,1.1229649562521298
1.1229701794456723,1.1230137340959332,1.1229322068757777,1.1229689345897231
1.1229718201847143,1.123013145970933,1.1229439941274177,1.122976335325426
1.122971538436821,1.1230120396096943,1.122935197024521,1.1229732427203007
1.122966639781886,1.1230031913676577,1.122938143720955,1.1229635537725977
1.1229668784070908,1.1230031913676577,1.1229360926864553,1.1229635537725977
1.1229639810925371,1.1230000373224327,1.122920725006944,1.1229542574357652
1.1229645014656349,1.1230000373224327,1.1229257188779675,1.1229542574357652
1.1229651092630146,1.1229985298929404,1.1229160163682952,1.1229507764503235
1.1229655835197285,1.1230000373224327,1.1229226931115905,1.1229549398157281
1.1229636656729933,1.1229985298929404,1.1229191368805604,1.1229533946299368
1.1229633166006503,1.1230004955976853,1.1229187682089716,1.1229445120070303
1.1229603126656162,1.1229954986646704,1.1229090823814565,1.1229403367603799
1.1229625375025158,1.1229984264890993,1.1229129263296878,1.1229512228247704
1.122961206413734,1.1229959549916246,1.1229183220470795,1.1229497936233883
1.1229686705587723,1.1229990944082089,1.1229087847311086,1.1229361344235298
1.1229806253031256,1.1230127136753898,1.122910980707252,1.122939498774202
1.1229560670585552,1.1229925048027456,1.122904174371415,1.1229403367603799
1.1229651092630146,1.1229985298929404,1.1229200095277785,1.1229538410043836
1.1229645014656349,1.1230000373224327,1.1229179184677198,1.1229538410043836
1.1229651092630146,1.1229985298929404,1.1229200095277785,1.1229538410043836
1.1229645014656349,1.1229974413932293,1.1229270630495074,1.1229542574357652
1.1229650631466306,1.1230000373224327,1.1229243507172015,1.1229553562471097
1.1229655835197285,1.1230000373224327,1.1229261774153716,1.1229566704226874
1.1229650631466306,1.1230000373224327,1.1229261078189494,1.1229568108823855
1.1229668784070908,1.1230031913676577,1.1229360926864553,1.1229635537725977
1.1229664560011425,1.1230000373224327,1.1229275538604069,1.1229594104878273
1.1229699069571046,1.123008027187893,1.1229319432877476,1.1229732893295843
1.1229664560011425,1.1230000373224327,1.1229265111044158,1.1229585473681694
1.1229699069571046,1.1230221635448252,1.122939238329629,1.1229738817199841
1.1229737796683232,1.1230163300251366,1.1229414579189727,1.1229774632420926
1.1229669763742403,1.1230015949634582,1.1229323285042776,1.1229594104878273
1.1229718201847143,1.1230157419001365,1.1229426499558777,1.122976335325426
1.122974300041421,1.1230082427346944,1.122945605309857,1.1229743706369677
1.1229742797862374,1.1230120899333533,1.1229416958916822,1.1229778054325203
1.122968129851133,1.1230031913676577,1.1229403920870829,1.1229656094772287
1.1229593184475886,1.1230000373224327,1.12292322881739,1.1229550879137935
1.1229625564454984,1.122998486796117,1.1229170889446394,1.1229541819648508
1.1229650631466306,1.1230000373224327,1.122922147004013,1.1229560937627274
1.1229650631466306,1.1230000373224327,1.1229222884056367,1.1229553562471097
1.1229650631466306,1.1230000373224327,1.1229216735147343,1.1229553562471097
1.1229650631466306,1.1230000373224327,1.122923189760004,1.1229569568823858
1.1229602213737462,1.1229937353083073,1.1229023076612232,1.122941460734185
1.122966358033993,1.123001633726632,1.122933960886904,1.1229609020114122
1.1229655835197285,1.1230000373224327,1.1229301382303083,1.1229573875423455
1.1229655835197285,1.1230000373224327,1.1229237896990323,1.1229575335423454
1.1229579255930766,1.122998486796117,1.1229203373032333,1.122954009578181
1.122961206413734,1.1229969793666246,1.122919180004698,1.1229530831535064
1.1229606842776405,1.1229994501947975,1.1229029229579117,1.1229394772960275
1.1229639810925371,1.1230000373224327,1.1229179184677198,1.1229538410043836
1.1229637131148664,1.1229985298929404,1.1229200095277785,1.1229538410043836
1.1229637131148664,1.1229959339637368,1.1229200095277785,1.1229538410043836
1.1229595608294602,1.1229953685332914,1.1229058748220273,1.122946472985124
1.1229639810925371,1.1230000373224327,1.1229198523597257,1.1229538110613184
1.122962269524845,1.1229985298929404,1.1229155448439734,1.1229512228247704
1.1229631452998956,1.1229985298929404,1.1229143622366895,1.1229533946299368
1.122755686120188,1.12287426630031,1.122746746439402,1.1228356269887718
1.1228005681948539,1.1229325494796718,1.1227979836376236,1.1228893406816776
1.1228377044711901,1.1229499393999152,1.1228090326985183,1.122904745217236
1.12273239367572,1.1228178454709554,1.1226974471425164,1.1227771391312384
1.1227859746114601,1.122843904656306,1.1227522151105145,1.1228112934485954
1.1227840376185956,1.1228398227227503,1.1227501089270533,1.1228101055925448
1.1227816874748047,1.122837566201011,1.1227474174653709,1.1228077193546362
1.1227803633178224,1.1228398227227503,1.1227474174653709,1.1228077193546362
1.1227828615319473,1.1228348408452207,1.1227511031386408,1.122806748118458
1.122742631989001,1.1227671377467252,1.1227113140416929,1.1227469028654435
1.1226781437100324,1.122678471330203,1.1226432229994237,1.1226551767069926
1.1227016156888996,1.122730764892357,1.1226718021619493,1.1227067292321118
1.1225455810356293,1.1225861110800963,1.1224861787410407,1.122532764453353
1.1224765777066237,1.1225149697882701,1.1224345996073937,1.1224913809393706
1.1225462422054773,1.1225785166760784,1.1224911868076264,1.1225363944108961
1.1225460570548726,1.122587185169937,1.1224978691757588,1.1225404168786424
1.1225420511632638,1.1225863242143503,1.1224880802187218,1.1225365059905559
1.122618922533384,1.1226564423168481,1.1225593174366144,1.122598218809207
1.1226196168373928,1.1226503689121647,1.1225692289359153,1.1226056035464171
1.122557107605757,1.1225992703130339,1.1225073022030891,1.1225311360644588
1.1226692316883369,1.1226924975352184,1.1225839910095878,1.1226456581548743
1.1226800937355774,1.122723877930781,1.1226070466090219,1.1226700102077298
1.1227379802427004,1.1228027441226103,1.1226933325761956,1.122743827837341
1.1226192228020466,1.1226483178502717,1.1225676473543336,1.1226055315406613
1.1225867277376234,1.1226186177550221,1.1225103306802766,1.1225504091191765
1.12258616960908,1.1226295862895388,1.12252481750306,1.1225614408125728
1.1225355494639662,1.1225768779624659,1.1224766590775586,1.1225224160778509
1.1226225316444876,1.1226835108781972,1.1225397814724536,1.1226157522587816
1.1227651333325392,1.1228215200076799,1.1227313506748644,1.1227820882350286
1.1227751590946782,1.122838167368289,1.1227472919218497,1.1227958038751613
1.1227450359563493,1.1228052225511393,1.1226974682115551,1.1227539738746308
1.1227785827389822,1.1228346189384306,1.1227491897992583,1.1228012350904486
1.1227580774079067,1.122820258391134,1.1227269203304533,1.1227636367670082
1.12277458740098,1.1228271818369833,1.1227281964502467,1.12279552899882
1.122784229432489,1.1228351465716258,1.1227500069796295,1.1228076065421448
1.122784229432489,1.12283709736696,1.1227511031386408,1.1228088154866152
1.1226840014416322,1.122749333238482,1.1226116377661204,1.1226825252921495
1.1226794774337885,1.1227512237286372,1.122610114628439,1.1226802952735901
1.122694116348903,1.1227659551400786,1.1226098941997065,1.1226877445395476
1.122719455839231,1.1227745587571683,1.1226195279987317,1.1226972156851263
1.1226831427572517,1.1227507376395458,1.1226034892648382,1.1226759373065476
1.1227913899041304,1.122846390785338,1.1227644125202525,1.1228172498434565
1.1227495328153154,1.1228238764780487,1.1227133553523112,1.1227699870366337
1.1227516828029906,1.1228239708520278,1.1227163491886838,1.1227681681778292
1.1227829722359097,1.1228433761224301,1.1227546790883918,1.122809826068638
1.1228086527110661,1.1229482003303517,1.1227260739315967,1.1228183236376532
1.1227955346203224,1.1228962228489208,1.12270480099885,1.1227710285494648
1.1227230045008376,1.1227801256271208,1.1226224433472638,1.122700044670142
1.1230835656582634,1.123168087304797,1.122906279680776,1.1229855035521994
1.1229286850041955,1.1229702006673334,1.1228012213378795,1.122860512197033
1.1229251739147388,1.1229627397606907,1.122774599190081,1.1228538661289786
1.122956839955292,1.1229828087099216,1.1228862235520167,1.1229232325961205
1.1229697749300769,1.123007922303019,1.122916270030021,1.1229451944938946
1.122937628462654,1.1229682872684825,1.122860611999081,1.1228978886723193
1.1229846093840588,1.122997843599675,1.1228933988288234,1.1229189033900726
1.1226647990521248,1.1227939009047911,1.122572652053153,1.122677147034492
1.1228140295710216,1.1228874800061093,1.1227768734903278,1.1228634093428511
1.1226766915356237,1.1227478434208198,1.122606461024753,1.1226765336975326
1.1227195237368068,1.1228133957179476,1.1226237709467164,1.1227122848280098
1.1227959409947361,1.1228495348832048,1.122767678819775,1.1228247941634357
1.1228479309128097,1.1228986059802093,1.1228141552869013,1.1228774237584418
1.1228344886742658,1.1229102590898377,1.122808365857837,1.1228725809984477
1.1230140682720584,1.1230390157989323,1.1229199153604454,1.1229758735990283
1.1229594580031994,1.1229990855180763,1.122909635414728,1.122938569401176
1.1229631452998956,1.1229985298929404,1.1229143622366895,1.1229533946299368
1.12292601754317,1.1229590593675287,1.1228088347073442,1.1228585487684393
1.1229498231423465,1.1229878905238506,1.1228957426938313,1.1229352829810888
1.1229319617350983,1.122958977428447,1.1227993661422841,1.1228256120677638
1.1229639810925371,1.1230000373224327,1.122920725006944,1.1229542574357652
1.1229625564454984,1.1230000373224327,1.1229213007628978,1.1229553562471097
1.1229650631466306,1.1230000373224327,1.1229243507172015,1.1229553562471097
1.1229591393196527,1.1229937353083073,1.1229038615644458,1.1229409385828004
1.122966281110916,1.123001633726632,1.12293301373919,1.1229604855800306
1.1229676094780354,1.1230031913676577,1.122935617443212,1.1229674155376417
1.122971279556433,1.1230097297371353,1.1229338831102673,1.122975508465494
1.1229598412140605,1.1229984084200866,1.1229103850272335,1.122958083747146
1.122966358033993,1.123001633726632,1.1229306176557377,1.1229630793066478
1.1229400803325984,1.12297875238906,1.1228257137790179,1.1228914019343073
1.1229699069571046,1.1230157419001365,1.1229382180205838,1.122974932845894
1.1229610450529706,1.1230030168690537,1.1229165493097584,1.122958083747146
1.122971538436821,1.1230087098974508,1.122929622678532,1.1229720736699413
1.1229676094780354,1.123001633726632,1.122935617443212,1.1229570998957863
1.12296784810324,1.1230031913676577,1.1229322222371725,1.1229674155376417
1.1229668784070908,1.1230031913676577,1.1229347485149155,1.1229635537725977
1.1229313749747214,1.1229657910709208,1.1228282141751964,1.1228800214416372
1.1229606860406363,1.1229975055179404,1.1229117710624834,1.122947999961319
1.122960424733554,1.1229876653296895,1.1228877229650005,1.12292049539893
1.1229650631466306,1.1229982652512147,1.1229123441217308,1.1229525940124017
1.1229650631466306,1.1230000373224327,1.1229179184677198,1.1229549398157281
1.1229571925969353,1.1229961177458443,1.1229093964732357,1.1229581662005839
1.1229022456941418,1.1229420212248995,1.1227667451363155,1.1228221312327664
1.1229295660274328,1.1229737632007706,1.1228296807633746,1.1228983708604952
1.1229590404563625,1.1229953685332914,1.1229058748220273,1.122946472985124
1.1229612991855638,1.1229945776935113,1.1229023945360768,1.122938631854924
1.1229590404563625,1.1229953685332914,1.1229069601778234,1.1229482278141139
1.1229479716804671,1.1229838081930426,1.1228879724170844,1.1229243771943649
1.1229239430281768,1.1229523043984846,1.1227966396889124,1.1228432837281137
1.1227298408843702,1.122878186296338,1.1227142704370172,1.1228144487826832
1.1227674824647675,1.1228679650022688,1.12272362943943,1.1228189272896107
1.1226767050036452,1.1227651879154177,1.1225754734752147,1.1226620824109745
1.1226805432134563,1.122793897683772,1.1225990538239206,1.1226930699520292
1.1228319926896813,1.1229441674413778,1.122777086833703,1.1228929358379094
1.1229399402635862,1.122979235235709,1.1228773649361155,1.1229161013182494
1.1229612991855638,1.1229904070880732,1.1228959897702557,1.1229376959903896
1.122749436226531,1.1228886892885972,1.1227523240434596,1.1228494383982939
1.1229098501451038,1.1229575323259675,1.1227488372747159,1.122824881364728
1.122680582240839,1.1228276570685356,1.1226151702662936,1.1227235360844308
1.1226630382572318,1.1227690208875838,1.122561563992887,1.1226631347006155
1.1226543964865852,1.122700097948072,1.122590691295119,1.1226481654473193
1.1226900704026617,1.1227422718091362,1.1226245105389565,1.1226751435282323
1.1227085679519149,1.1227876788434334,1.122662942202938,1.1227355436680553
1.122719627338789,1.1227963316044551,1.122622325697294,1.1227018202787726
1.1226582077113616,1.122712456900416,1.1225887330606363,1.122646749445512
1.1227812701289945,1.1228386999713056,1.122750338092953,1.1228099076822589
1.1227845072636407,1.1228491251244377,1.1227552676334454,1.1228178408405156
1.1227173772251962,1.1228113357816918,1.1226626136934124,1.122753204311043
1.122687185342636,1.1227529151569033,1.1226089178506273,1.1226867749587168
1.1227099951924844,1.1227752249748804,1.1226114570825083,1.1226987271105902
1.122769275587518,1.1228684862097453,1.1226968529079229,1.1227842935548351
1.1226676826551012,1.1227543642640392,1.1225840982303807,1.1226789789827292
1.1226900676368112,1.1227625245540818,1.1226037851175081,1.122689657142008
1.122677755618627,1.1227429809381775,1.1226070009009463,1.122676456590093
1.1227465511487826,1.1228183849862692,1.1227032567073294,1.122761725769456
1.1227782704674563,1.12283709736696,1.1227492651443012,1.1228030346432436
1.1226843474873032,1.122745181575607,1.122610972203535,1.1226772239314975
1.1226811077575507,1.1227420758022897,1.1226071705941558,1.1226816160256787
1.1226813604594241,1.1227429809381775,1.1226071397017547,1.122676609651241
1.1227106346198692,1.1227824750591138,1.122663078612305,1.122728975630518
1.122682136808561,1.1227348218887332,1.1226083993721008,1.1226708496185749
1.1226758591459651,1.1227313379490338,1.122604879494708,1.1226700230187032
1.1226639040674413,1.1227124353146325,1.1225943834500873,1.1226474192101734
1.122577366246137,1.1226437080130989,1.1225203247872368,1.1225665563511578
1.1225525484638368,1.122590026028955,1.1224975645531612,1.122535725486164
1.1222800453139994,1.122350263838843,1.122192615370473,1.1222699831393788
1.122259833878564,1.122337897728753,1.1221292880186122,1.122221823177275
1.122487656414639,1.1225609793058497,1.1224345648383116,1.122529603990316
1.1225537463375723,1.1225886708678092,1.1225012024644068,1.1225418440148582
1.122608104833826,1.1226489001118782,1.1225238049221973,1.1225761386311244
1.1226312503670606,1.1226602473171645,1.1225735338990168,1.1226126907513994
1.1226856491430142,1.122740971129091,1.1226148511155336,1.122682686138784
1.1225908932447606,1.122682521410647,1.1225149816716482,1.122595821477379
1.1226998000392219,1.1227153343819023,1.1226584154708072,1.1226923933265724
1.1226701987061405,1.1227051068691236,1.1225920959908038,1.12265622890218
1.1227453814709187,1.12280733875038,1.1226986185776247,1.122747072981761
1.1226808220229094,1.1227348218887332,1.122608372885769,1.1226708496185749
1.1227498290655826,1.1228098171789092,1.1227021499457885,1.1227535878181953
1.122783080908359,1.12283709736696,1.1227500069796295,1.122806346015829
1.1227639647572554,1.1228336169012048,1.1227190070189417,1.1227814656724493
1.1226989767325872,1.1227654986280804,1.122612582802342,1.1226919623353497
1.122726988348067,1.1227742339224989,1.1226191396176601,1.1226965705481298
1.122663862754961,1.1227353048083235,1.1225792054797614,1.122655974938563
1.122709929438994,1.1227678456302335,1.1226038496943178,1.1226762372338837
1.1226373821097861,1.1227057289003002,1.1225418230179982,1.122641627565276
1.122571227594762,1.122627644902631,1.1225150390164291,1.1225523428523658
1.122674425314903,1.122724627387731,1.1226094123068397,1.1226696059776258
1.1226829001137126,1.122745181575607,1.122610327236347,1.1226783758896044
1.1226294529179424,1.1226942560895627,1.1225516175055266,1.122632179886348
1.122567017454951,1.1226316801685159,1.122516324140091,1.1225532236182518
1.122617123884465,1.1226595414662277,1.122561924887125,1.1225914415263047
1.1225445060605044,1.122589864874709,1.1224952894847646,1.1225343981329992
1.1225550581780344,1.1225915390847754,1.1224974556086276,1.122543221234698
1.1225869115229858,1.122606803815813,1.1225264076229076,1.1225596565338287
1.122644817402815,1.1226753210597982,1.1225764304506722,1.122617409882546
1.122613633028908,1.1226451084847113,1.1225703609807143,1.1226082020266166
1.1225399858354006,1.1225796668511616,1.122485931911668,1.1225240415944475
1.122452092408588,1.1224833222892834,1.1224070431493771,1.1224404888080044
1.1224426169913406,1.1224777089391818,1.1223804089674707,1.1224356702715057
1.1222077271455766,1.1222936223218796,1.122148764973972,1.1222428315657427
1.1222121730950267,1.1222793713962653,1.122107852991595,1.1222071814473322
1.1221960215791356,1.1222735836132283,1.1221037893810026,1.1222036475541743
1.1221746834816981,1.1222603371400746,1.1220678392282522,1.1221733034741321
1.122045833183013,1.1221390103724262,1.1219133454210515,1.1219907946802792
1.1220612530920453,1.1221681620397268,1.1219591832843179,1.1220214684660714
1.122118396045294,1.1222004865349868,1.122044474983586,1.1221300542994188
1.1221442921675986,1.1222250381910848,1.1220417139808203,1.122124889506114
1.1222048910909044,1.1223133984517104,1.1220760452836533,1.1222034090083595
1.1222587596184757,1.122313485249119,1.1222047845294911,1.1222617934842078
1.122237497842741,1.1222955490466664,1.1221521111415484,1.1222250682885544
1.1222574942647738,1.1222973612782048,1.1221936243893058,1.1222446659674143
1.1220886724270136,1.1221492690887493,1.121978210021017,1.122067738435713
1.1220957119119808,1.1221685207779486,1.1220189252617707,1.1221074820789958
1.122086377333508,1.1221442503669834,1.121993783379999,1.12207861016595
1.1220749263287522,1.1221515407246347,1.1219991375928016,1.1220728426891429
1.122120789195384,1.122177618265068,1.1221079249918033,1.1221427020574088
1.122099249058447,1.1221600550017206,1.1220170121601485,1.1220997850738863
1.122124993083067,1.122202310994707,1.1220962234953735,1.1221494090548052
1.1220443533717444,1.1220958293834469,1.1219752099506353,1.1220373579082172
1.1220499836226758,1.1221099307788136,1.1219978064157843,1.1220535900427593
1.1220280638338664,1.1220665729638293,1.1219377822186856,1.1219807999029072
1.1220541570430627,1.1221169633646464,1.1219736319507172,1.122051025858699
1.1220344684625665,1.1221003940215193,1.1219526449843347,1.1220301324110995
1.1220534537089855,1.1221120952733101,1.12199338099705,1.1220554004825838
1.1220437352760972,1.1221043667018815,1.1219703552162703,1.1220394558577642
1.1219605615848633,1.122031650922915,1.1218750751193673,1.1219667337612294
1.1220362271160629,1.1221074203344807,1.1219903087586027,1.1220509373465322
1.122048020503482,1.1221161045405132,1.121996040277864,1.12205155022066
1.122053765608602,1.1221248646308006,1.1220103941656048,1.1220530941394065
1.1220817294498853,1.122131058345731,1.1220719721294103,1.1220756362327882
1.1220938180461633,1.1221652954996193,1.1220512060454952,1.1220978946370772
1.1221390649747855,1.1222014575413763,1.1221041623017187,1.1221502801854852
1.1221266936981267,1.1221825701433195,1.122085340986437,1.122129467583974
1.122114029041872,1.1221734129570218,1.122096294763374,1.1221191791413816
1.1220877748963374,1.1221419941186772,1.1220646625464132,1.12207409109144
1.12210773546483,1.122165910124815,1.1220826088650924,1.122106705943554
1.122039408645428,1.122100116950671,1.1220077292462165,1.1220523343109787
1.1221014347985818,1.1221672079877185,1.1220519051892184,1.122110077302112
1.1220928334859972,1.1221487874270744,1.1220759970123169,1.122089897763064
1.122048890326671,1.122099973552058,1.1219906275347562,1.1220467757138533
1.1221217263741707,1.122203563125785,1.1220642325102623,1.1221513636303564
1.1221533759524756,1.1222083344423464,1.1221409843191354,1.122171651476768
1.1221269854132436,1.122168274402628,1.122109345240727,1.122149626689295
1.122160158834113,1.1222032251587128,1.1221384410745594,1.1221774152696795
1.1221682440474599,1.1222303642854725,1.1221367217747429,1.122186277534802
1.1221768619604096,1.1222303642854725,1.1221470185672333,1.1221911322967066
1.1222449146731732,1.1222775931808227,1.12215059906411,1.1222182211112024
1.1222590833866835,1.1223113001377203,1.1221975833035032,1.1222602819138643
1.1222590833866835,1.122310772755752,1.1222027887120083,1.122256347139016
1.1222587596184757,1.1223104918656603,1.1222035657224734,1.1222604634446822
1.1222615694169484,1.122313485249119,1.122212046309364,1.122265246794687
1.122259969683835,1.1223104918656603,1.1222066270470303,1.1222633889587394
1.12227015727369,1.122313661046022,1.1222220508372476,1.122270969729394
1.122258722312357,1.122307172114466,1.12220449677359,1.1222585203163757
1.1222411176000262,1.1222970147407887,1.1221485307841204,1.1222197093913346
1.1222828621930603,1.1223433785342884,1.1222103578098286,1.1222633806105378
1.1221993954429683,1.1222191885176753,1.1221499458228474,1.122197582265935
1.1221209598123707,1.1221764134041212,1.1220951597376194,1.1221414168202546
1.1221769017028551,1.122205379649887,1.122096869316872,1.122167182883103
1.1222366217927084,1.1223059884640882,1.1221304235030407,1.122222078055107
1.1222590833866835,1.122308311202259,1.1222050648601565,1.1222571551807137
1.122206124026264,1.122229017528479,1.1221750629829657,1.1222155943179717
1.1221943741431284,1.1222188890375684,1.1221748865056649,1.1222074187012436
1.1222107411171203,1.1222306255185281,1.1221585199178614,1.1222012622261055
1.1222000227564901,1.1222159166760328,1.1221741729071362,1.1222106257653728
1.1221922543676244,1.12221473382207,1.122169674687402,1.1222092037652045
1.1222587596184757,1.122313485249119,1.1222047845294911,1.1222617934842078
1.1222689292261065,1.1223148001338152,1.1222215965760869,1.1222672014232808
1.122269929520708,1.122314001612371,1.1222188008508602,1.12227203319341
1.1222726731749015,1.1223142877513528,1.1222221450742873,1.1222739124516323
1.1222828686978121,1.1223252245828805,1.1222314143101761,1.1222921441477542
1.1223733985487936,1.122415463044671,1.1223150990127473,1.1223646701407368
1.122389467626201,1.1224293634027755,1.1223353498050723,1.1223717835997924
1.1224409052481346,1.1224704921426119,1.1224081754392836,1.1224294278442457
1.1224207861066129,1.1224654873269504,1.1223828200765082,1.1224168350798558
1.12245942401659,1.1224816617255147,1.1224176847592262,1.1224438108571104
1.1224385835203845,1.1224817921090287,1.1224030240726732,1.1224328587695096
1.1224590109134966,1.122490827946787,1.1224206716314016,1.12244581699213
1.1224582693692118,1.1224816617255147,1.1224261327846756,1.1224438108571104
1.1224584170626681,1.1224888596688662,1.1224198165596366,1.1224429947020906
1.1225183916619912,1.122548325664209,1.1224600873126809,1.1224956060646922
1.1225458445065686,1.122584914389789,1.1224874848250457,1.122536180670264
1.1225372484260185,1.1225829272337309,1.1224778606833465,1.1225342342444071
1.122510828504368,1.122555932745187,1.122455560084256,1.1224944136496804
1.122458153678778,1.1224861931429453,1.1224217634911517,1.1224482806293248
1.1225463940570057,1.1225872653677798,1.122494198119589,1.1225419028307544
1.1225486481577351,1.1225833461101964,1.1224961847118913,1.1225333099626418
1.1225423474800986,1.122583692566625,1.1224909032578518,1.122535373901357
1.1224481449177282,1.1224785524947452,1.1224019864644974,1.122430792621485
1.1224603840749694,1.1225011265343547,1.1224169323025852,1.1224705143198703
1.1224607526325743,1.122488647967507,1.122423609993556,1.1224467300025762
1.1222896460591967,1.122343033772137,1.1222174458451082,1.1222904824278461
1.1222529797236391,1.1223192186457092,1.1221547248418953,1.1222450880724557
1.1222753275466792,1.1223168541764734,1.12222622227186,1.122276094688379
1.122260190163315,1.1223119475697125,1.122212247372329,1.1222594865195905
1.12245942401659,1.1224838417047946,1.1224176847592262,1.122445361483859
1.122547668306188,1.1225823643446626,1.1224945349313662,1.1225430809648207
1.1225470235893362,1.1225872653677798,1.1224933729829771,1.1225419028307544
1.1225852132296952,1.1225997721210608,1.1225177085893105,1.122552701591057
1.1225967878474132,1.1226112028990827,1.122536649496246,1.122568243837398
1.1225622989529846,1.122597154338861,1.122512210180094,1.1225395160523386
1.1226617043550928,1.1226614124892753,1.1226214349600654,1.1226343523507507
1.1225427005978874,1.1225858732005611,1.122481812395968,1.1225264516161162
1.1225422698772682,1.1225824003503702,1.122488881511439,1.122542685765262
1.1224740025687607,1.122508829988954,1.1224326747134208,1.122483945715977
1.1225442118609414,1.1225858016422898,1.1224896427202808,1.1225409629614735
1.1226590590190517,1.1226563437513706,1.1226267268055168,1.1226438935102778
1.1225874606134727,1.122604655752211,1.1225177085893105,1.1225551171145793
1.122653643966253,1.1226855686901798,1.122571140203746,1.122616635971855
1.12255513425676,1.1225955654013737,1.1225017961129191,1.1225428540722724
1.1226203232102545,1.1226461477164367,1.1225674284856415,1.1226104282151332
1.1225554281716201,1.1225927065552603,1.122500727072647,1.1225374620167892
1.122650528634065,1.122664928669026,1.122575398556569,1.1226210038233437
1.1225559621403527,1.1225996512563585,1.1225071236291404,1.1225328502376584
1.122590483916737,1.1226349962925293,1.1225293814209367,1.1225608069202435
1.122628431341395,1.1226571310650315,1.1225754006291686,1.122612959845549
1.1226026494119015,1.1226132853438677,1.1225429405536567,1.1225624383362423
1.1225761840605093,1.1226419181574372,1.1225182526898612,1.1225669664968423
1.1225502905665956,1.122587185169937,1.122500501204173,1.122540245570976
1.122552433607291,1.1225963406460027,1.1225030721875786,1.122541279990851
1.1224755046543544,1.1225135473292804,1.122435186766266,1.1224842958971482
1.1225213745758975,1.1225547569462742,1.1224663933991283,1.122496160476126
1.122459308326156,1.122488647967507,1.1224250579003636,1.1224457546939344
1.1225463940570057,1.1225872653677798,1.1224933729829771,1.1225419028307544
1.1225465893389934,1.1225791518472865,1.1224917404375996,1.1225391776631382
1.1224539434803416,1.1224837161059082,1.1224223803534046,1.1224473676188784
1.1224357723580125,1.1224817422461126,1.1223873412486072,1.1224311220023473
1.1224843448440864,1.1225497833773084,1.1224543151710147,1.122483760315117
1.122546195631047,1.122581844828446,1.1224942695542954,1.1225395306843748
1.1226670955494384,1.1226543587748448,1.122637090112195,1.1226508682127154
1.1226555686858557,1.1226851789967518,1.122573507364389,1.1226040792011778
1.1226895560608787,1.1226875148407933,1.122657121053411,1.1226634005969718
1.1225479392464095,1.122587451031578,1.1224899941450597,1.1225336582836472
1.1225418237305098,1.1225797459317475,1.1224852669199692,1.1225355494956444
1.1225482978385184,1.1225806155727767,1.1224975974325075,1.1225385805094379
1.122290363539269,1.1223418753495766,1.1222423066672247,1.1222951402547598
1.1223480748481387,1.122387629537314,1.1223023005498265,1.1223416792306509
1.1222751461902931,1.122322296767918,1.122224550107649,1.1222856784075188
1.1222685700398058,1.1223187183292105,1.1222099568109867,1.1222720348585962
1.122421084451231,1.1224530164309248,1.1223715244664108,1.1224083002171035
1.1225431652062479,1.1225802654479642,1.1224910827294656,1.1225421679543746
1.1225454088880331,1.1225858016422898,1.1224873696768614,1.1225409629614735
1.122542232946002,1.1225796981965206,1.1224905723693048,1.1225343032663833
1.1225491538961245,1.1225847310129256,1.1224886595913115,1.1225354545416149
1.12247515465241,1.122511633665926,1.1224354648026662,1.1224812318240773
1.1225443918056495,1.1225762656628069,1.1224887929676457,1.1225364625060905
1.1224714531709286,1.122513584885541,1.1224396213060426,1.1224834378972723
1.1224475463788197,1.1224746119472495,1.1224129411486499,1.1224436528070119
1.122451950438716,1.1224840752262788,1.1224147834548817,1.1224474266474014
1.1224755046543544,1.1225135473292804,1.122435186766266,1.1224842958971482
1.1222928430074137,1.122345734274616,1.1222443166490095,1.1223012693620371
1.1222851230759356,1.1223249505005026,1.1222242387392531,1.1222848001851313
1.1222724089888527,1.1223152941122894,1.1222208108326457,1.1222794974177743
1.1222724918185154,1.1223197303427974,1.1222214887830924,1.1222834961707724
1.1222672751489302,1.1223114351872503,1.1222157395263035,1.1222698509566633
1.1222726731749015,1.1223142877513528,1.1222221450742873,1.1222723210790833
1.1222597599130768,1.122312686727675,1.1222029142136112,1.122262405289025
1.1222603350000215,1.1223148001338152,1.122199496854046,1.122255494356955
1.1222877609311113,1.1223347347310384,1.1222397564388145,1.1222969831618663
1.1222735881988402,1.1223165480209796,1.1222241581909644,1.122270980556863
1.1222724918185154,1.1223197303427974,1.1222201969149606,1.122272352563519
1.1222726731749015,1.1223142877513528,1.1222221450742873,1.1222723210790833
1.122262682519987,1.1223103652449173,1.1222001899943699,1.1222614630386143
1.1222824909601354,1.1223403851508298,1.1222091885059282,1.1222619051621394
1.1221326841711963,1.1221679954434747,1.1220948546168437,1.1221455444903863
1.1221276965024347,1.1221816240466618,1.1220957796937552,1.122150171321072
1.1221713790427597,1.1222303642854725,1.122148661255883,1.1221887203446999
1.1221454272345266,1.1222009806677606,1.1221359815686631,1.1221724595184657
1.1222086761389882,1.1222292835258059,1.1221629383742844,1.122208646009048
1.1221374863945968,1.122169193540959,1.1221021334673489,1.122163312017708
1.1221188074397874,1.1221723155509533,1.122101638062157,1.1221474307902035
1.1221188074397874,1.1221723155509533,1.122105108187418,1.1221504462100718
1.1221506593986406,1.1222116128773243,1.1221268984325745,1.1221631728782657
1.1221382008907488,1.1222044188214106,1.1221228525803504,1.1221574718225331
1.1221388712324774,1.1221795268535033,1.1221262838741553,1.1221605006247544
1.122136445326423,1.1221855279627162,1.122125820117313,1.122162291182708
1.1221956178241201,1.1222260398461703,1.1220818474921457,1.1221625978312146
1.1222107530738832,1.1222412698422308,1.1221712001624526,1.1222206872903069
1.1222755269904154,1.122360582068116,1.1222201343388705,1.1223129644549636
1.1222599876660586,1.122312346161326,1.1222081354591957,1.1222626924802797
1.1222574942647738,1.1222973612782048,1.122196389814376,1.1222446659674143
1.1222218679855402,1.122242881631304,1.122177314252807,1.122234966237444
1.1221313950912568,1.1221679954434747,1.1221012171318763,1.1221467514184909
1.1221543555160225,1.1221996252625583,1.1221146074884678,1.1221673538581416
1.122154956017835,1.122224604714791,1.1221394195203538,1.1221742114138904
